Frame,Event,Time (s),Club:CH,,,,,,
,,,X,Y,Z,,,,
0,STT,-1.071,122.8,67.9,4.5,,,,
1,,-1.07,122.8,67.9,4.5,,,,
2,,-1.069,122.8,67.9,4.5,,,,
3,,-1.068,122.8,67.9,4.5,,,,
4,,-1.067,122.8,67.9,4.5,,,,
5,,-1.066,122.8,67.9,4.5,,,,
6,,-1.065,122.8,67.9,4.5,,,,
7,,-1.064,122.8,67.9,4.5,,,,
8,,-1.063,122.8,67.9,4.5,,,,
9,,-1.062,122.8,67.9,4.5,,,,
10,,-1.061,122.8,67.8,4.5,,,,
11,,-1.06,122.8,67.8,4.5,,,,
12,,-1.059,122.7,67.8,4.5,,,,
13,,-1.058,122.7,67.8,4.5,,,,
14,,-1.057,122.7,67.8,4.5,,,,
15,,-1.056,122.7,67.8,4.5,,,,
16,,-1.055,122.7,67.8,4.5,,,,
17,,-1.054,122.7,67.8,4.5,,,,
18,,-1.053,122.7,,4.5,,,,
19,,-1.052,122.7,,4.5,,,,
20,,-1.051,122.7,,4.5,,,,
21,,-1.05,122.7,,4.5,,,,
22,,-1.049,122.7,,4.5,,,,
23,,-1.048,122.7,,4.5,,,,
24,,-1.047,122.7,,4.5,,,,
25,,-1.046,122.7,,4.5,,,,
26,,-1.045,122.7,,4.5,,,,
27,,-1.044,122.7,,4.5,,,,
28,,-1.043,122.7,,4.5,,,,
29,,-1.042,122.7,,4.5,,,,
30,,-1.041,122.7,,4.5,,,,
31,,-1.04,122.7,,4.5,,,,
32,,-1.039,122.7,,4.5,,,,
33,,-1.038,122.7,,4.5,,,,
34,,-1.037,122.7,,4.5,,,,
35,,-1.036,122.7,,4.5,,,,
36,,-1.035,122.7,,4.5,,,,
37,,-1.034,122.7,,4.5,,,,
38,,-1.033,122.6,,4.5,,,,
39,,-1.032,122.6,,4.5,,,,
40,,-1.031,122.6,,4.5,,,,
41,,-1.03,122.6,,4.5,,,,
42,,-1.029,122.6,,4.6,,,,
43,,-1.028,122.6,,4.6,,,,
44,,-1.027,122.6,,4.6,,,,
45,,-1.026,122.6,,4.6,,,,
46,,-1.025,122.6,,4.6,,,,
47,,-1.024,122.6,,4.6,,,,
48,,-1.023,122.6,,4.6,,,,
49,,-1.022,122.6,,4.6,,,,
50,,-1.021,122.6,,4.6,,,,
51,,-1.02,122.6,,4.6,,,,
52,,-1.019,122.6,,,,,,
53,,-1.018,122.6,,,,,,
54,,-1.017,122.6,,,,,,
55,,-1.016,122.6,,,,,,
56,,-1.015,122.6,,,,,,
57,,-1.014,122.6,,,,,,
58,,-1.013,122.6,,,,,,
59,,-1.012,122.6,,,,,,
60,,-1.011,122.6,,,,,,
61,,-1.01,122.5,,,,,,
62,,-1.009,122.5,,,,,,
63,,-1.008,122.5,,,,,,
64,,-1.007,122.5,,,,,,
65,,-1.006,122.5,,,,,,
66,,-1.005,122.5,,,,,,
67,,-1.004,122.5,,,,,,
68,,-1.003,122.5,,,,,,
69,,-1.002,122.5,,,,,,
70,,-1.001,122.5,,,,,,
71,,-1,122.5,,,,,,
72,,-0.999,122.5,,,,,,
73,,-0.998,122.5,,,,,,
74,,-0.997,122.5,,,,,,
75,,-0.996,122.5,,,,,,
76,,-0.995,122.5,,,,,,
77,,-0.994,122.5,,,,,,
78,,-0.993,122.5,,,,,,
79,,-0.992,122.5,,,,,,
80,,-0.991,122.5,,,,,,
81,,-0.99,122.4,,,,,,
82,,-0.989,122.4,,,,,,
83,,-0.988,122.4,,,,,,
84,,-0.987,122.4,,,,,,
85,,-0.986,122.4,,,,,,
86,,-0.985,122.4,,,,,,
87,,-0.984,122.4,,,,,,
88,,-0.983,122.4,,4.9,,,,
89,,-0.982,122.4,,4.9,,,,
90,,-0.981,122.4,,4.9,,,,
91,,-0.98,122.4,,4.9,,,,
92,,-0.979,122.4,,4.9,,,,
93,,-0.978,122.4,,5.0,,,,
94,,-0.977,,,5.0,,,,
95,,-0.976,,,5.0,,,,
96,,-0.975,,,5.0,,,,
97,,-0.974,,,5.0,,,,
98,,-0.973,,,5.0,,,,
99,,-0.972,,65.2,5.0,,,,
100,,-0.971,,65.2,5.0,,,,
101,,-0.97,,65.1,5.0,,,,
102,,-0.969,,65.0,5.0,,,,
103,,-0.968,,64.9,5.0,,,,
104,BA,-0.967,,64.9,5.0,,,,
105,,-0.966,,64.8,5.0,,,,
106,,-0.965,,64.7,5.0,,,,
107,,-0.964,,64.6,5.0,,,,
108,,-0.963,,64.5,5.0,,,,
109,,-0.962,,64.5,5.0,,,,
110,,-0.961,,64.4,,,,,
111,,-0.96,,64.3,5.1,,,,
112,,-0.959,122.1,64.2,5.1,,,,
113,,-0.958,122.1,64.1,5.1,,,,
114,,-0.957,122.1,64.0,5.1,,,,
115,,-0.956,122.1,63.9,5.1,,,,
116,,-0.955,122.1,63.8,5.1,,,,
117,,-0.954,122.1,63.7,5.1,,,,
118,,-0.953,122.0,63.6,5.1,,,,
119,,-0.952,122.0,63.5,5.1,,,,
120,,-0.951,122.0,63.4,5.1,,,,
121,,-0.95,122.0,63.3,5.1,,,,
122,,-0.949,122.0,63.2,5.1,,,,
123,,-0.948,122.0,63.1,5.1,,,,
124,,-0.947,121.9,63.0,5.1,,,,
125,,-0.946,121.9,62.9,5.1,,,,
126,,-0.945,121.9,62.8,5.1,,,,
127,,-0.944,121.9,62.7,5.1,,,,
128,,-0.943,121.9,62.6,5.1,,,,
129,,-0.942,121.8,62.5,5.1,,,,
130,,-0.941,121.8,62.4,5.0,,,,
131,,-0.94,121.8,62.3,5.0,,,,
132,,-0.939,121.8,62.1,5.0,,,,
133,,-0.938,121.8,62.0,5.0,,,,
134,,-0.937,121.8,61.9,5.0,,,,
135,,-0.936,121.7,61.8,5.0,,,,
136,,-0.935,121.7,61.7,5.0,,,,
137,,-0.934,121.7,61.5,5.0,,,,
138,,-0.933,121.7,61.4,5.0,,,,
139,,-0.932,121.7,61.3,5.0,,,,
140,,-0.931,121.6,61.1,5.0,,,,
141,,-0.93,121.6,61.0,5.0,,,,
142,,-0.929,121.6,60.9,5.0,,,,
143,,-0.928,121.6,60.7,5.0,,,,
144,,-0.927,121.6,60.6,5.0,,,,
145,,-0.926,121.5,60.4,5.0,,,,
146,,-0.925,121.5,60.3,5.0,,,,
147,,-0.924,121.5,60.2,5.0,,,,
148,,-0.923,121.5,60.0,5.0,,,,
149,,-0.922,121.5,59.9,5.0,,,,
150,,-0.921,121.4,59.7,5.0,,,,
151,,-0.92,121.4,59.6,4.9,,,,
152,,-0.919,121.4,59.4,4.9,,,,
153,,-0.918,121.4,59.2,4.9,,,,
154,,-0.917,121.4,59.1,4.9,,,,
155,,-0.916,121.3,58.9,4.9,,,,
156,,-0.915,121.3,58.8,4.9,,,,
157,,-0.914,121.3,58.6,4.9,,,,
158,,-0.913,121.3,58.4,4.9,,,,
159,,-0.912,121.3,58.3,4.9,,,,
160,,-0.911,121.2,58.1,4.9,,,,
161,,-0.91,121.2,57.9,4.9,,,,
162,,-0.909,121.2,57.7,4.9,,,,
163,,-0.908,121.2,57.6,4.9,,,,
164,,-0.907,121.2,57.4,4.8,,,,
165,,-0.906,121.1,57.2,4.8,,,,
166,,-0.905,121.1,57.0,4.8,,,,
167,,-0.904,121.1,56.8,4.8,,,,
168,,-0.903,121.1,56.6,4.8,,,,
169,,-0.902,121.1,56.4,4.8,,,,
170,,-0.901,121.0,56.2,4.8,,,,
171,,-0.9,121.0,56.0,4.8,,,,
172,,-0.899,121.0,55.8,4.8,,,,
173,,-0.898,121.0,55.6,4.8,,,,
174,,-0.897,121.0,55.4,4.8,,,,
175,,-0.896,121.0,55.2,4.8,,,,
176,,-0.895,120.9,55.0,4.8,,,,
177,,-0.894,120.9,54.8,4.8,,,,
178,,-0.893,120.9,54.6,4.8,,,,
179,,-0.892,120.9,54.4,4.8,,,,
180,,-0.891,120.9,54.2,4.7,,,,
181,,-0.89,120.8,53.9,4.7,,,,
182,,-0.889,120.8,53.7,4.7,,,,
183,,-0.888,120.8,53.5,4.7,,,,
184,,-0.887,120.8,53.2,4.7,,,,
185,,-0.886,120.8,53.0,4.7,,,,
186,,-0.885,120.7,52.8,4.7,,,,
187,,-0.884,120.7,52.5,4.7,,,,
188,,-0.883,120.7,52.3,4.7,,,,
189,,-0.882,120.7,52.0,4.7,,,,
190,,-0.881,120.7,51.8,4.7,,,,
191,,-0.88,120.6,51.5,4.7,,,,
192,,-0.879,120.6,51.3,4.7,,,,
193,,-0.878,120.6,51.0,4.7,,,,
194,,-0.877,120.6,50.7,4.7,,,,
195,,-0.876,120.5,50.5,4.7,,,,
196,,-0.875,120.5,50.2,4.7,,,,
197,,-0.874,120.5,49.9,4.7,,,,
198,,-0.873,120.5,49.7,4.7,,,,
199,,-0.872,120.5,49.4,4.7,,,,
200,,-0.871,120.4,49.1,4.7,,,,
201,,-0.87,120.4,48.8,4.7,,,,
202,,-0.869,120.4,48.5,4.7,,,,
203,,-0.868,120.4,48.2,4.7,,,,
204,,-0.867,120.3,47.9,4.7,,,,
205,,-0.866,120.3,47.6,4.7,,,,
206,,-0.865,120.3,47.3,4.7,,,,
207,,-0.864,120.3,47.0,4.7,,,,
208,,-0.863,120.2,46.7,4.7,,,,
209,,-0.862,120.2,46.4,4.7,,,,
210,,-0.861,120.2,46.1,4.7,,,,
211,,-0.86,120.2,45.7,4.7,,,,
212,,-0.859,120.1,45.4,4.7,,,,
213,,-0.858,120.1,45.1,,,,,
214,,-0.857,120.1,44.7,4.7,,,,
215,,-0.856,120.0,44.4,4.7,,,,
216,,-0.855,120.0,44.1,4.7,,,,
217,,-0.854,120.0,43.7,4.7,,,,
218,,-0.853,120.0,43.4,4.7,,,,
219,,-0.852,119.9,43.0,4.7,,,,
220,,-0.851,119.9,42.7,4.7,,,,
221,,-0.85,119.9,42.3,4.7,,,,
222,,-0.849,119.8,42.0,4.7,,,,
223,,-0.848,119.8,41.6,4.7,,,,
224,,-0.847,119.8,41.2,4.8,,,,
225,,-0.846,119.7,40.8,4.8,,,,
226,,-0.845,119.7,40.5,4.8,,,,
227,,-0.844,119.7,40.1,4.8,,,,
228,,-0.843,119.6,39.7,4.8,,,,
229,,-0.842,119.6,39.3,4.8,,,,
230,,-0.841,119.6,38.9,4.8,,,,
231,,-0.84,119.5,38.5,4.8,,,,
232,,-0.839,119.5,38.1,4.9,,,,
233,,-0.838,119.4,37.7,4.9,,,,
234,,-0.837,119.4,37.3,4.9,,,,
235,,-0.836,119.4,36.9,4.9,,,,
236,,-0.835,119.3,36.5,4.9,,,,
237,,-0.834,119.3,36.0,4.9,,,,
238,,-0.833,119.2,35.6,5.0,,,,
239,,-0.832,119.2,35.2,5.0,,,,
240,,-0.831,119.1,34.7,5.0,,,,
241,,-0.83,119.1,34.3,5.0,,,,
242,,-0.829,119.1,33.9,5.0,,,,
243,,-0.828,119.0,33.4,5.1,,,,
244,,-0.827,119.0,33.0,5.1,,,,
245,,-0.826,118.9,32.5,5.1,,,,
246,,-0.825,118.9,32.1,5.1,,,,
247,,-0.824,118.8,31.6,5.2,,,,
248,,-0.823,118.7,31.1,5.2,,,,
249,,-0.822,118.7,30.7,5.2,,,,
250,,-0.821,118.6,30.2,5.2,,,,
251,,-0.82,118.6,29.7,5.3,,,,
252,,-0.819,118.5,29.2,5.3,,,,
253,,-0.818,118.5,28.7,5.3,,,,
254,,-0.817,118.4,28.3,5.4,,,,
255,,-0.816,118.3,27.8,5.4,,,,
256,,-0.815,118.3,27.3,5.4,,,,
257,,-0.814,118.2,26.8,5.5,,,,
258,,-0.813,118.2,26.3,5.5,,,,
259,,-0.812,118.1,25.7,5.6,,,,
260,,-0.811,118.0,25.2,5.6,,,,
261,,-0.81,118.0,24.7,5.7,,,,
262,,-0.809,117.9,24.2,5.7,,,,
263,,-0.808,117.8,23.7,5.8,,,,
264,,-0.807,117.7,23.1,5.8,,,,
265,,-0.806,117.7,22.6,5.9,,,,
266,,-0.805,117.6,,5.9,,,,
267,,-0.804,117.5,21.5,6.0,,,,
268,,-0.803,117.5,21.0,6.0,,,,
269,,-0.802,117.4,20.4,6.1,,,,
270,,-0.801,117.3,19.9,6.1,,,,
271,,-0.8,117.2,19.3,6.2,,,,
272,,-0.799,117.1,18.8,6.3,,,,
273,,-0.798,117.0,18.2,6.3,,,,
274,,-0.797,117.0,17.7,6.4,,,,
275,,-0.796,116.9,17.1,6.5,,,,
276,,-0.795,116.8,16.5,6.6,,,,
277,,-0.794,116.7,15.9,6.6,,,,
278,,-0.793,116.6,15.3,6.7,,,,
279,,-0.792,116.5,14.8,6.8,,,,
280,,-0.791,116.4,14.2,6.9,,,,
281,,-0.79,116.3,13.6,7.0,,,,
282,,-0.789,116.2,13.0,7.0,,,,
283,,-0.788,116.1,12.4,7.1,,,,
284,,-0.787,116.0,11.8,7.2,,,,
285,,-0.786,115.9,11.2,7.3,,,,
286,,-0.785,115.8,10.6,7.4,,,,
287,,-0.784,115.7,10.0,7.5,,,,
288,,-0.783,115.6,9.3,7.6,,,,
289,,-0.782,115.5,8.7,7.7,,,,
290,,-0.781,115.3,8.1,7.8,,,,
291,,-0.78,115.2,7.5,7.9,,,,
292,,-0.779,115.1,6.9,8.1,,,,
293,,-0.778,115.0,6.2,8.2,,,,
294,,-0.777,114.9,5.6,8.3,,,,
295,,-0.776,114.7,4.9,8.4,,,,
296,,-0.775,114.6,4.3,8.6,,,,
297,,-0.774,114.5,3.7,8.7,,,,
298,,-0.773,114.4,3.0,8.8,,,,
299,,-0.772,114.2,2.4,9.0,,,,
300,,-0.771,114.1,1.7,9.1,,,,
301,,-0.77,113.9,1.1,9.2,,,,
302,,-0.769,113.8,0.4,9.4,,,,
303,,-0.768,113.7,-0.3,9.5,,,,
304,,-0.767,,-0.9,9.7,,,,
305,,-0.766,113.4,-1.6,9.8,,,,
306,,-0.765,113.2,-2.3,10.0,,,,
307,,-0.764,113.1,-2.9,10.2,,,,
308,,-0.763,112.9,-3.6,10.3,,,,
309,,-0.762,112.8,-4.3,10.5,,,,
310,,-0.761,112.6,-5.0,10.7,,,,
311,,-0.76,112.4,-5.7,10.9,,,,
312,,-0.759,112.3,-6.3,11.0,,,,
313,,-0.758,112.1,-7.0,11.2,,,,
314,,-0.757,111.9,-7.7,11.4,,,,
315,,-0.756,111.8,-8.4,11.6,,,,
316,,-0.755,111.6,-9.1,11.8,,,,
317,,-0.754,111.4,-9.8,12.0,,,,
318,,-0.753,111.2,-10.5,12.2,,,,
319,,-0.752,111.0,-11.2,12.4,,,,
320,,-0.751,110.8,-11.9,12.6,,,,
321,,-0.75,110.7,-12.6,12.8,,,,
322,,-0.749,110.5,-13.3,13.1,,,,
323,,-0.748,110.3,-14.0,13.3,,,,
324,,-0.747,110.1,-14.8,13.5,,,,
325,,-0.746,109.9,-15.5,13.8,,,,
326,,-0.745,109.7,-16.2,14.0,,,,
327,,-0.744,109.4,-16.9,14.2,,,,
328,,-0.743,109.2,-17.6,14.5,,,,
329,,-0.742,109.0,-18.3,14.7,,,,
330,,-0.741,108.8,-19.1,15.0,,,,
331,,-0.74,108.6,-19.8,15.2,,,,
332,,-0.739,108.3,-20.5,15.5,,,,
333,,-0.738,108.1,-21.3,15.8,,,,
334,,-0.737,107.9,-22.0,16.0,,,,
335,,-0.736,107.6,-22.7,16.3,,,,
336,,-0.735,107.4,-23.4,16.6,,,,
337,,-0.734,107.2,-24.2,16.9,,,,
338,,-0.733,106.9,-24.9,17.2,,,,
339,,-0.732,106.7,-25.7,17.5,,,,
340,,-0.731,106.4,-26.4,17.8,,,,
341,,-0.73,106.1,-27.1,18.1,,,,
342,,-0.729,105.9,-27.9,18.4,,,,
343,,-0.728,105.6,-28.6,18.7,,,,
344,,-0.727,105.4,-29.4,19.0,,,,
345,,-0.726,105.1,-30.1,19.3,,,,
346,,-0.725,104.8,-30.8,19.6,,,,
347,,-0.724,104.5,-31.6,20.0,,,,
348,,-0.723,104.2,-32.3,20.3,,,,
349,,-0.722,103.9,-33.1,20.7,,,,
350,,-0.721,103.7,-33.8,21.0,,,,
351,,-0.72,103.4,-34.6,21.3,,,,
352,,-0.719,103.1,-35.3,21.7,,,,
353,,-0.718,102.8,-36.1,22.1,,,,
354,,-0.717,102.4,-36.8,22.4,,,,
355,,-0.716,102.1,-37.6,22.8,,,,
356,,-0.715,101.8,-38.3,23.2,,,,
357,,-0.714,101.5,-39.1,23.5,,,,
358,,-0.713,101.2,-39.8,23.9,,,,
359,,-0.712,100.8,-40.6,24.3,,,,
360,,-0.711,100.5,-41.3,24.7,,,,
361,,-0.71,100.2,-42.1,25.1,,,,
362,,-0.709,99.8,-42.8,25.5,,,,
363,,-0.708,99.5,-43.5,25.9,,,,
364,,-0.707,99.1,-44.3,26.3,,,,
365,,-0.706,98.8,-45.0,26.8,,,,
366,,-0.705,98.4,-45.8,27.2,,,,
367,,-0.704,98.1,-46.5,27.6,,,,
368,,-0.703,97.7,-47.3,28.0,,,,
369,,-0.702,97.4,-48.0,28.5,,,,
370,,-0.701,97.0,-48.7,28.9,,,,
371,,-0.7,96.6,-49.5,29.4,,,,
372,,-0.699,96.2,-50.2,29.8,,,,
373,,-0.698,95.9,-50.9,30.3,,,,
374,,-0.697,95.5,-51.7,30.8,,,,
375,,-0.696,95.1,-52.4,31.2,,,,
376,,-0.695,94.7,-53.1,31.7,,,,
377,,-0.694,94.3,-53.9,32.2,,,,
378,,-0.693,93.9,-54.6,32.7,,,,
379,,-0.692,93.5,-55.3,33.2,,,,
380,,-0.691,93.1,-56.0,33.7,,,,
381,,-0.69,92.6,-56.8,34.2,,,,
382,,-0.689,92.2,-57.5,34.7,,,,
383,,-0.688,91.8,-58.2,35.2,,,,
384,,-0.687,91.4,-58.9,35.7,,,,
385,,-0.686,90.9,-59.6,36.3,,,,
386,,-0.685,90.5,-60.3,36.8,,,,
387,,-0.684,90.0,-61.1,37.3,,,,
388,,-0.683,89.6,-61.8,37.9,,,,
389,,-0.682,89.1,-62.5,38.4,,,,
390,,-0.681,88.7,-63.2,39.0,,,,
391,,-0.68,88.2,-63.9,39.5,,,,
392,,-0.679,87.7,-64.5,40.1,,,,
393,,-0.678,87.3,-65.2,40.7,,,,
394,,-0.677,86.8,-65.9,41.2,,,,
395,,-0.676,86.3,-66.6,41.8,,,,
396,,-0.675,85.8,-67.3,42.4,,,,
397,,-0.674,85.3,-68.0,43.0,,,,
398,,-0.673,84.9,-68.6,43.6,,,,
399,,-0.672,84.4,-69.3,44.2,,,,
400,,-0.671,83.9,-70.0,44.8,,,,
401,,-0.67,83.4,-70.6,45.4,,,,
402,,-0.669,82.9,-71.3,46.1,,,,
403,,-0.668,82.3,-71.9,46.7,,,,
404,,-0.667,81.8,-72.6,47.3,,,,
405,,-0.666,81.3,-73.2,48.0,,,,
406,,-0.665,80.8,-73.9,48.6,,,,
407,,-0.664,80.3,-74.5,49.2,,,,
408,,-0.663,79.7,-75.2,49.9,,,,
409,,-0.662,79.2,-75.8,50.6,,,,
410,,-0.661,78.7,-76.4,51.2,,,,
411,,-0.66,78.1,-77.0,51.9,,,,
412,,-0.659,77.6,-77.6,52.6,,,,
413,,-0.658,77.0,-78.2,53.3,,,,
414,,-0.657,76.5,-78.9,54.0,,,,
415,,-0.656,75.9,-79.4,54.7,,,,
416,,-0.655,75.3,-80.0,55.4,,,,
417,,-0.654,74.8,-80.6,56.1,,,,
418,,-0.653,74.2,-81.2,56.8,,,,
419,,-0.652,73.6,-81.8,57.5,,,,
420,,-0.651,73.1,-82.4,58.2,,,,
421,,-0.65,72.5,-82.9,59.0,,,,
422,,-0.649,71.9,-83.5,59.7,,,,
423,,-0.648,71.3,-84.0,60.4,,,,
424,,-0.647,70.7,-84.6,61.2,,,,
425,,-0.646,70.1,-85.1,62.0,,,,
426,,-0.645,69.5,-85.7,62.7,,,,
427,,-0.644,68.9,-86.2,63.5,,,,
428,,-0.643,68.3,-86.7,64.2,,,,
429,,-0.642,67.7,-87.2,65.0,,,,
430,,-0.641,67.1,-87.8,65.8,,,,
431,,-0.64,66.5,-88.3,66.6,,,,
432,,-0.639,65.9,-88.8,67.4,,,,
433,,-0.638,65.3,-89.2,68.2,,,,
434,,-0.637,64.7,-89.7,69.0,,,,
435,,-0.636,64.0,-90.2,69.8,,,,
436,,-0.635,63.4,-90.7,70.6,,,,
437,,-0.634,62.8,-91.1,71.4,,,,
438,,-0.633,62.1,-91.6,72.2,,,,
439,,-0.632,61.5,-92.0,73.0,,,,
440,,-0.631,60.8,-92.4,73.9,,,,
441,,-0.63,60.2,-92.9,74.7,,,,
442,,-0.629,59.6,-93.3,75.5,,,,
443,,-0.628,58.9,-93.7,76.4,,,,
444,,-0.627,58.3,-94.1,77.2,,,,
445,,-0.626,57.6,-94.5,78.1,,,,
446,,-0.625,56.9,-94.9,78.9,,,,
447,,-0.624,56.3,-95.3,79.8,,,,
448,,-0.623,55.6,-95.6,80.6,,,,
449,,-0.622,54.9,-96.0,81.5,,,,
450,,-0.621,54.3,-96.3,82.4,,,,
451,,-0.62,53.6,-96.7,83.3,,,,
452,,-0.619,52.9,-97.0,84.1,,,,
453,,-0.618,52.2,-97.4,85.0,,,,
454,,-0.617,51.6,-97.7,85.9,,,,
455,,-0.616,50.9,-98.0,86.8,,,,
456,,-0.615,50.2,-98.3,87.7,,,,
457,,-0.614,49.5,-98.6,88.6,,,,
458,,-0.613,48.8,-98.9,89.5,,,,
459,MB,-0.612,48.1,-99.1,90.4,,,,
460,,-0.611,47.5,-99.4,91.3,,,,
461,,-0.61,46.8,-99.7,92.2,,,,
462,,-0.609,46.1,-99.9,93.1,,,,
463,,-0.608,45.4,-100.2,94.0,,,,
464,,-0.607,44.7,-100.4,94.9,,,,
465,,-0.606,44.0,-100.6,95.9,,,,
466,,-0.605,43.3,-100.8,96.8,,,,
467,,-0.604,42.6,-101.0,97.7,,,,
468,,-0.603,41.9,-101.2,98.6,,,,
469,,-0.602,41.2,-101.4,99.6,,,,
470,,-0.601,40.4,-101.6,100.5,,,,
471,,-0.6,39.7,-101.7,101.4,,,,
472,,-0.599,39.0,-101.9,102.4,,,,
473,,-0.598,38.3,-102.0,103.3,,,,
474,,-0.597,37.6,-102.2,104.3,,,,
475,,-0.596,36.9,-102.3,105.2,,,,
476,,-0.595,36.1,-102.4,106.2,,,,
477,,-0.594,35.4,-102.5,107.1,,,,
478,,-0.593,34.7,-102.6,108.1,,,,
479,,-0.592,34.0,-102.7,109.1,,,,
480,,-0.591,33.2,-102.8,110.0,,,,
481,,-0.59,32.5,-102.8,111.0,,,,
482,,-0.589,31.8,-102.9,112.0,,,,
483,,-0.588,31.1,-102.9,112.9,,,,
484,,-0.587,30.3,-102.9,113.9,,,,
485,,-0.586,29.6,-103.0,114.9,,,,
486,,-0.585,28.9,-103.0,115.9,,,,
487,,-0.584,28.2,-103.0,116.8,,,,
488,,-0.583,27.4,-103.0,117.8,,,,
489,,-0.582,26.7,-102.9,118.8,,,,
490,,-0.581,26.0,-102.9,119.8,,,,
491,,-0.58,25.3,-102.9,120.8,,,,
492,,-0.579,24.5,-102.8,121.8,,,,
493,,-0.578,23.8,-102.7,122.8,,,,
494,,-0.577,23.1,-102.7,123.8,,,,
495,,-0.576,22.3,-102.6,124.7,,,,
496,,-0.575,21.6,-102.5,125.7,,,,
497,,-0.574,20.9,-102.4,126.7,,,,
498,,-0.573,20.2,-102.3,127.7,,,,
499,,-0.572,19.4,-102.1,128.7,,,,
500,,-0.571,18.7,-102.0,129.7,,,,
501,,-0.57,18.0,-101.8,130.7,,,,
502,,-0.569,17.3,-101.7,131.7,,,,
503,,-0.568,16.6,-101.5,132.7,,,,
504,,-0.567,15.8,-101.3,133.7,,,,
505,,-0.566,15.1,-101.1,134.7,,,,
506,,-0.565,14.4,-100.9,135.7,,,,
507,,-0.564,13.7,-100.6,136.7,,,,
508,,-0.563,13.0,-100.4,137.7,,,,
509,,-0.562,12.3,-100.2,138.7,,,,
510,,-0.561,11.6,-99.9,139.8,,,,
511,,-0.56,10.9,-99.6,140.8,,,,
512,,-0.559,10.2,-99.3,141.8,,,,
513,,-0.558,9.5,-99.0,142.8,,,,
514,,-0.557,8.8,-98.7,143.8,,,,
515,,-0.556,8.2,-98.4,144.8,,,,
516,,-0.555,7.5,-98.1,145.8,,,,
517,,-0.554,6.8,-97.8,146.8,,,,
518,,-0.553,6.1,-97.4,147.8,,,,
519,,-0.552,5.4,-97.0,148.8,,,,
520,,-0.551,4.7,-96.7,149.8,,,,
521,,-0.55,4.1,-96.3,150.8,,,,
522,,-0.549,3.4,-95.9,151.8,,,,
523,,-0.548,2.7,-95.5,152.8,,,,
524,,-0.547,2.1,-95.0,153.8,,,,
525,,-0.546,1.4,-94.6,154.8,,,,
526,,-0.545,0.8,-94.2,155.8,,,,
527,,-0.544,0.1,-93.7,156.8,,,,
528,,-0.543,-0.5,-93.2,157.8,,,,
529,,-0.542,-1.2,-92.7,158.8,,,,
530,,-0.541,-1.8,-92.2,159.8,,,,
531,,-0.54,-2.5,-91.7,160.8,,,,
532,,-0.539,-3.1,-91.2,161.8,,,,
533,,-0.538,-3.7,-90.7,162.8,,,,
534,,-0.537,-4.4,-90.1,163.8,,,,
535,,-0.536,-5.0,-89.6,164.8,,,,
536,,-0.535,-5.6,-89.0,165.8,,,,
537,,-0.534,-6.2,-88.4,166.7,,,,
538,,-0.533,-6.8,-87.8,167.7,,,,
539,,-0.532,-7.4,-87.2,168.7,,,,
540,,-0.531,-8.0,-86.6,169.7,,,,
541,,-0.53,-8.6,-86.0,170.6,,,,
542,,-0.529,-9.2,-85.4,171.6,,,,
543,,-0.528,-9.8,-84.7,172.6,,,,
544,,-0.527,-10.4,-84.0,173.5,,,,
545,,-0.526,-11.0,-83.4,174.5,,,,
546,,-0.525,-11.6,-82.7,175.5,,,,
547,,-0.524,-12.2,-82.0,176.4,,,,
548,,-0.523,-12.7,-81.3,177.4,,,,
549,,-0.522,-13.3,-80.5,178.3,,,,
550,,-0.521,-13.9,-79.8,179.2,,,,
551,,-0.52,-14.4,-79.1,180.2,,,,
552,,-0.519,-15.0,-78.3,181.1,,,,
553,,-0.518,-15.6,-77.5,182.0,,,,
554,,-0.517,-16.1,-76.7,182.9,,,,
555,,-0.516,-16.7,-76.0,183.8,,,,
556,,-0.515,-17.2,-75.2,184.7,,,,
557,,-0.514,-17.7,-74.3,185.6,,,,
558,,-0.513,-18.3,-73.5,186.5,,,,
559,,-0.512,-18.8,-72.7,187.4,,,,
560,,-0.511,-19.3,-71.8,188.3,,,,
561,,-0.51,-19.8,-71.0,189.2,,,,
562,,-0.509,-20.3,-70.1,190.1,,,,
563,,-0.508,-20.8,-69.2,190.9,,,,
564,,-0.507,-21.3,-68.3,191.8,,,,
565,,-0.506,-21.8,-67.4,192.7,,,,
566,,-0.505,-22.2,-66.5,193.5,,,,
567,,-0.504,-22.7,-65.6,194.4,,,,
568,,-0.503,-23.2,-64.7,195.2,,,,
569,,-0.502,-23.6,-63.7,196.1,,,,
570,,-0.501,-24.1,-62.8,196.9,,,,
571,,-0.5,-24.5,-61.8,197.7,,,,
572,,-0.499,-24.9,-60.9,198.5,,,,
573,,-0.498,-25.4,-59.9,199.3,,,,
574,,-0.497,-25.8,-58.9,200.1,,,,
575,,-0.496,-26.2,-57.9,200.9,,,,
576,,-0.495,-26.6,-56.9,201.7,,,,
577,,-0.494,-27.0,-55.8,202.5,,,,
578,,-0.493,-27.4,-54.8,203.3,,,,
579,,-0.492,-27.8,-53.8,204.1,,,,
580,,-0.491,-28.1,-52.7,204.8,,,,
581,,-0.49,-28.5,-51.6,205.6,,,,
582,,-0.489,-28.9,-50.6,206.3,,,,
583,,-0.488,-29.2,-49.5,207.1,,,,
584,,-0.487,-29.6,-48.4,207.8,,,,
585,,-0.486,-29.9,-47.3,208.5,,,,
586,,-0.485,-30.2,-46.2,209.2,,,,
587,,-0.484,-30.6,-45.1,209.9,,,,
588,,-0.483,-30.9,-43.9,210.6,,,,
589,,-0.482,-31.2,-42.8,211.3,,,,
590,,-0.481,-31.5,-41.7,212.0,,,,
591,,-0.48,-31.8,-40.5,212.6,,,,
592,LBA,-0.479,-32.0,-39.4,213.3,,,,
593,,-0.478,-32.3,-38.2,213.9,,,,
594,,-0.477,-32.6,-37.0,214.5,,,,
595,,-0.476,-32.9,-35.8,215.2,,,,
596,,-0.475,-33.1,-34.7,215.8,,,,
597,,-0.474,-33.3,-33.5,216.4,,,,
598,,-0.473,-33.6,-32.3,217.0,,,,
599,,-0.472,-33.8,-31.1,217.6,,,,
600,,-0.471,-34.0,-29.8,218.2,,,,
601,,-0.47,-34.2,-28.6,218.7,,,,
602,,-0.469,-34.4,-27.4,219.3,,,,
603,,-0.468,-34.6,-26.2,219.8,,,,
604,,-0.467,-34.8,-24.9,220.4,,,,
605,,-0.466,-35.0,-23.7,220.9,,,,
606,,-0.465,-35.2,-22.5,221.4,,,,
607,,-0.464,-35.3,-21.2,221.9,,,,
608,,-0.463,-35.5,-20.0,222.4,,,,
609,,-0.462,-35.6,-18.7,222.9,,,,
610,,-0.461,-35.8,-17.4,223.3,,,,
611,,-0.46,-35.9,-16.2,223.8,,,,
612,,-0.459,-36.0,-14.9,224.2,,,,
613,,-0.458,-36.1,-13.6,224.7,,,,
614,,-0.457,-36.2,-12.4,225.1,,,,
615,,-0.456,-36.3,-11.1,225.5,,,,
616,,-0.455,-36.3,-9.8,225.9,,,,
617,,-0.454,-36.4,-8.5,226.3,,,,
618,LB,-0.453,-36.4,-7.2,226.7,,,,
619,,-0.452,-36.5,-5.9,227.1,,,,
620,,-0.451,-36.5,-4.7,227.4,,,,
621,,-0.45,-36.5,-3.4,227.7,,,,
622,,-0.449,-36.6,-2.1,228.1,,,,
623,,-0.448,-36.6,-0.8,228.4,,,,
624,,-0.447,-36.6,0.5,228.7,,,,
625,,-0.446,-36.6,1.8,229.0,,,,
626,,-0.445,-36.6,3.1,229.3,,,,
627,,-0.444,-36.6,4.4,229.6,,,,
628,,-0.443,-36.5,5.7,229.8,,,,
629,,-0.442,-36.5,7.0,230.1,,,,
630,,-0.441,-36.5,8.3,230.3,,,,
631,,-0.44,-36.4,9.6,230.5,,,,
632,,-0.439,-36.4,10.9,230.7,,,,
633,,-0.438,-36.3,12.2,230.9,,,,
634,,-0.437,-36.2,13.5,231.1,,,,
635,,-0.436,-36.1,14.8,231.3,,,,
636,,-0.435,-36.0,16.1,231.5,,,,
637,,-0.434,-35.9,17.4,231.6,,,,
638,,-0.433,-35.8,18.7,231.7,,,,
639,,-0.432,-35.7,20.0,231.9,,,,
640,,-0.431,-35.6,21.2,232.0,,,,
641,,-0.43,-35.5,22.5,232.1,,,,
642,,-0.429,-35.3,23.8,232.2,,,,
643,,-0.428,-35.2,25.1,232.3,,,,
644,,-0.427,-35.0,26.3,232.3,,,,
645,,-0.426,-34.9,27.6,232.4,,,,
646,,-0.425,-34.7,28.9,232.5,,,,
647,,-0.424,-34.5,30.1,232.5,,,,
648,,-0.423,-34.3,31.4,232.5,,,,
649,,-0.422,-34.2,32.6,232.5,,,,
650,,-0.421,-34.0,33.9,232.5,,,,
651,,-0.42,-33.7,35.1,232.5,,,,
652,,-0.419,-33.5,36.3,232.5,,,,
653,,-0.418,-33.3,37.6,232.5,,,,
654,,-0.417,-33.1,38.8,232.4,,,,
655,,-0.416,-32.8,40.0,232.4,,,,
656,,-0.415,-32.6,41.2,232.3,,,,
657,,-0.414,-32.3,42.4,232.2,,,,
658,,-0.413,-32.1,43.6,232.1,,,,
659,,-0.412,-31.8,44.8,232.0,,,,
660,,-0.411,-31.6,46.0,231.9,,,,
661,,-0.41,-31.3,47.2,231.8,,,,
662,,-0.409,-31.0,48.3,231.7,,,,
663,,-0.408,-30.7,49.5,231.6,,,,
664,,-0.407,-30.4,50.6,231.4,,,,
665,,-0.406,-30.1,51.8,231.3,,,,
666,,-0.405,-29.8,52.9,231.1,,,,
667,,-0.404,-29.5,54.1,230.9,,,,
668,,-0.403,-29.1,55.2,230.8,,,,
669,,-0.402,-28.8,56.3,230.6,,,,
670,,-0.401,-28.5,57.4,230.4,,,,
671,,-0.4,-28.1,58.5,230.2,,,,
672,,-0.399,-27.8,59.6,229.9,,,,
673,,-0.398,-27.4,60.7,229.7,,,,
674,,-0.397,-27.1,61.8,229.5,,,,
675,,-0.396,-26.7,62.8,229.3,,,,
676,,-0.395,-26.4,63.9,229.0,,,,
677,,-0.394,-26.0,64.9,228.8,,,,
678,,-0.393,-25.6,66.0,228.5,,,,
679,,-0.392,-25.2,67.0,228.2,,,,
680,,-0.391,-24.9,68.0,228.0,,,,
681,,-0.39,-24.5,69.0,227.7,,,,
682,,-0.389,-24.1,70.0,227.4,,,,
683,,-0.388,-23.7,71.0,227.1,,,,
684,,-0.387,-23.3,72.0,226.8,,,,
685,,-0.386,-22.9,73.0,226.5,,,,
686,,-0.385,-22.5,73.9,226.2,,,,
687,,-0.384,-22.1,74.9,225.9,,,,
688,,-0.383,-21.7,75.8,225.5,,,,
689,,-0.382,-21.3,76.7,225.2,,,,
690,,-0.381,-20.9,77.7,224.9,,,,
691,,-0.38,-20.5,78.6,224.5,,,,
692,,-0.379,-20.1,79.5,224.2,,,,
693,,-0.378,-19.6,80.4,223.8,,,,
694,,-0.377,-19.2,81.2,223.5,,,,
695,,-0.376,-18.8,82.1,223.1,,,,
696,,-0.375,-18.4,83.0,222.8,,,,
697,,-0.374,-18.0,83.8,222.4,,,,
698,,-0.373,-17.5,84.7,222.0,,,,
699,,-0.372,-17.1,85.5,221.7,,,,
700,,-0.371,-16.7,86.3,221.3,,,,
701,,-0.37,-16.3,87.1,220.9,,,,
702,,-0.369,-15.8,87.9,220.5,,,,
703,,-0.368,-15.4,88.7,220.2,,,,
704,,-0.367,-15.0,89.5,219.8,,,,
705,,-0.366,-14.6,90.2,219.4,,,,
706,,-0.365,-14.1,91.0,219.0,,,,
707,,-0.364,-13.7,91.7,218.6,,,,
708,,-0.363,-13.3,92.5,218.2,,,,
709,,-0.362,-12.8,93.2,217.8,,,,
710,,-0.361,-12.4,93.9,217.4,,,,
711,,-0.36,-12.0,94.6,217.0,,,,
712,,-0.359,-11.6,95.3,216.6,,,,
713,,-0.358,-11.1,96.0,216.2,,,,
714,,-0.357,-10.7,96.7,215.8,,,,
715,,-0.356,-10.3,97.3,215.4,,,,
716,,-0.355,-9.9,98.0,215.0,,,,
717,,-0.354,-9.5,98.6,214.6,,,,
718,,-0.353,-9.0,99.3,214.1,,,,
719,,-0.352,-8.6,99.9,213.7,,,,
720,,-0.351,-8.2,100.5,213.3,,,,
721,,-0.35,-7.8,101.1,212.9,,,,
722,,-0.349,-7.4,101.7,212.5,,,,
723,,-0.348,-7.0,102.3,212.1,,,,
724,,-0.347,-6.6,102.9,211.7,,,,
725,,-0.346,-6.2,103.5,211.3,,,,
726,,-0.345,-5.8,104.0,210.9,,,,
727,,-0.344,-5.4,104.6,210.4,,,,
728,,-0.343,-5.0,105.2,210.0,,,,
729,,-0.342,-4.6,105.7,209.6,,,,
730,,-0.341,-4.2,106.2,209.2,,,,
731,,-0.34,-3.8,106.7,208.8,,,,
732,,-0.339,-3.4,107.3,208.4,,,,
733,,-0.338,-3.0,107.8,208.0,,,,
734,,-0.337,-2.6,108.3,207.6,,,,
735,,-0.336,-2.2,108.8,207.2,,,,
736,,-0.335,-1.9,109.2,206.7,,,,
737,,-0.334,-1.5,109.7,206.3,,,,
738,,-0.333,-1.1,110.2,205.9,,,,
739,,-0.332,-0.8,110.6,205.5,,,,
740,,-0.331,-0.4,111.1,205.1,,,,
741,,-0.33,0.0,111.5,204.7,,,,
742,,-0.329,0.3,112.0,204.3,,,,
743,,-0.328,0.6,112.4,203.9,,,,
744,,-0.327,1.0,112.8,203.5,,,,
745,,-0.326,1.3,113.2,203.1,,,,
746,,-0.325,1.7,113.6,202.8,,,,
747,,-0.324,2.0,114.0,202.4,,,,
748,,-0.323,2.3,114.4,202.0,,,,
749,,-0.322,2.7,114.8,201.6,,,,
750,,-0.321,3.0,115.2,201.2,,,,
751,,-0.32,3.3,115.6,200.8,,,,
752,,-0.319,3.6,115.9,200.5,,,,
753,,-0.318,3.9,116.3,200.1,,,,
754,,-0.317,4.3,116.6,199.7,,,,
755,,-0.316,4.6,117.0,199.3,,,,
756,,-0.315,4.9,117.3,199.0,,,,
757,,-0.314,5.2,117.7,198.6,,,,
758,,-0.313,5.5,118.0,198.2,,,,
759,,-0.312,5.8,118.3,197.9,,,,
760,,-0.311,6.1,118.6,197.5,,,,
761,,-0.31,6.4,118.9,197.2,,,,
762,,-0.309,6.6,119.2,196.8,,,,
763,,-0.308,6.9,119.5,196.5,,,,
764,,-0.307,7.2,119.8,196.1,,,,
765,EPR,-0.306,7.5,120.1,195.8,,,,
766,,-0.305,7.7,120.4,195.4,,,,
767,,-0.304,8.0,120.7,195.1,,,,
768,,-0.303,8.3,120.9,194.8,,,,
769,,-0.302,8.5,121.2,194.4,,,,
770,,-0.301,8.8,121.4,194.1,,,,
771,,-0.3,9.0,121.7,193.8,,,,
772,,-0.299,9.2,121.9,193.5,,,,
773,,-0.298,9.5,122.2,193.1,,,,
774,,-0.297,9.7,122.4,192.8,,,,
775,,-0.296,9.9,122.7,192.5,,,,
776,,-0.295,10.2,122.9,192.2,,,,
777,,-0.294,10.4,123.1,191.9,,,,
778,,-0.293,10.6,123.3,191.6,,,,
779,,-0.292,10.8,123.6,191.3,,,,
780,,-0.291,11.0,123.8,191.0,,,,
781,,-0.29,11.2,124.0,190.7,,,,
782,,-0.289,11.4,124.2,190.4,,,,
783,,-0.288,11.6,124.4,190.1,,,,
784,,-0.287,11.8,124.6,189.8,,,,
785,,-0.286,12.0,124.8,189.6,,,,
786,,-0.285,12.2,125.0,189.3,,,,
787,,-0.284,12.3,125.1,189.0,,,,
788,,-0.283,12.5,125.3,188.8,,,,
789,,-0.282,12.7,125.5,188.5,,,,
790,,-0.281,12.8,125.7,188.2,,,,
791,,-0.28,13.0,125.8,188.0,,,,
792,,-0.279,13.1,126.0,187.7,,,,
793,,-0.278,13.3,126.2,187.5,,,,
794,,-0.277,13.4,126.3,187.2,,,,
795,,-0.276,13.6,126.5,187.0,,,,
796,,-0.275,13.7,126.6,186.7,,,,
797,,-0.274,13.8,126.8,186.5,,,,
798,,-0.273,13.9,126.9,186.3,,,,
799,,-0.272,14.1,127.0,186.1,,,,
800,,-0.271,14.2,127.2,185.8,,,,
801,,-0.27,14.3,127.3,185.6,,,,
802,,-0.269,14.4,127.4,185.4,,,,
803,,-0.268,14.5,127.6,185.2,,,,
804,,-0.267,14.6,127.7,185.0,,,,
805,,-0.266,14.7,127.8,184.8,,,,
806,,-0.265,14.8,127.9,184.6,,,,
807,,-0.264,14.8,128.0,184.4,,,,
808,,-0.263,14.9,128.1,184.2,,,,
809,,-0.262,15.0,128.2,184.0,,,,
810,,-0.261,15.0,128.3,183.8,,,,
811,,-0.26,15.1,128.4,183.6,,,,
812,,-0.259,15.2,128.5,183.4,,,,
813,,-0.258,15.2,128.6,183.3,,,,
814,,-0.257,15.3,128.7,183.1,,,,
815,,-0.256,15.3,128.8,182.9,,,,
816,,-0.255,15.3,128.9,182.8,,,,
817,,-0.254,15.4,129.0,182.6,,,,
818,,-0.253,15.4,129.0,182.5,,,,
819,,-0.252,15.4,129.1,182.3,,,,
820,,-0.251,15.4,129.2,182.2,,,,
821,,-0.25,15.4,129.3,182.0,,,,
822,,-0.249,15.5,129.3,181.9,,,,
823,,-0.248,15.5,129.4,181.7,,,,
824,,-0.247,15.5,129.4,181.6,,,,
825,,-0.246,15.4,129.5,181.5,,,,
826,,-0.245,15.4,129.6,181.4,,,,
827,,-0.244,15.4,129.6,181.2,,,,
828,,-0.243,15.4,129.7,181.1,,,,
829,,-0.242,15.4,129.7,181.0,,,,
830,,-0.241,15.3,129.7,180.9,,,,
831,,-0.24,15.3,129.8,180.8,,,,
832,,-0.239,15.3,129.8,180.7,,,,
833,,-0.238,15.2,129.8,180.6,,,,
834,,-0.237,15.2,129.9,180.5,,,,
835,TB,-0.236,15.1,129.9,180.4,,,,
836,,-0.235,15.0,129.9,180.3,,,,
837,,-0.234,15.0,129.9,180.3,,,,
838,,-0.233,14.9,129.9,180.2,,,,
839,,-0.232,14.8,129.9,180.1,,,,
840,,-0.231,14.7,129.9,180.0,,,,
841,,-0.23,14.7,129.9,180.0,,,,
842,,-0.229,14.6,129.9,179.9,,,,
843,,-0.228,14.5,129.9,179.8,,,,
844,,-0.227,14.4,129.9,179.8,,,,
845,,-0.226,14.3,129.9,179.7,,,,
846,,-0.225,14.2,129.9,179.7,,,,
847,,-0.224,14.0,129.9,179.6,,,,
848,,-0.223,13.9,129.8,179.6,,,,
849,,-0.222,13.8,129.8,179.5,,,,
850,,-0.221,13.7,129.8,179.5,,,,
851,,-0.22,13.5,129.7,179.5,,,,
852,,-0.219,13.4,129.7,179.4,,,,
853,,-0.218,13.2,129.6,179.4,,,,
854,,-0.217,13.1,129.6,179.4,,,,
855,,-0.216,12.9,129.5,179.4,,,,
856,,-0.215,12.7,129.5,179.3,,,,
857,,-0.214,12.6,129.4,179.3,,,,
858,,-0.213,12.4,129.3,179.3,,,,
859,,-0.212,12.2,129.3,179.3,,,,
860,,-0.211,12.0,129.2,179.3,,,,
861,,-0.21,11.8,129.1,179.3,,,,
862,,-0.209,11.6,129.0,179.3,,,,
863,,-0.208,11.4,128.9,179.3,,,,
864,,-0.207,11.2,128.8,179.3,,,,
865,,-0.206,11.0,128.7,179.3,,,,
866,,-0.205,10.8,128.6,179.3,,,,
867,,-0.204,10.6,128.5,179.3,,,,
868,,-0.203,10.4,128.3,179.3,,,,
869,,-0.202,10.1,128.2,179.3,,,,
870,,-0.201,9.9,128.1,179.4,,,,
871,,-0.2,9.7,127.9,179.4,,,,
872,,-0.199,9.4,127.8,179.4,,,,
873,,-0.198,9.2,127.6,179.4,,,,
874,,-0.197,8.9,127.5,179.5,,,,
875,,-0.196,8.6,127.3,179.5,,,,
876,,-0.195,8.4,127.1,179.5,,,,
877,,-0.194,8.1,127.0,179.6,,,,
878,,-0.193,7.8,126.8,179.6,,,,
879,,-0.192,7.5,126.6,179.7,,,,
880,,-0.191,7.2,126.4,179.7,,,,
881,,-0.19,6.9,126.2,179.8,,,,
882,,-0.189,6.6,126.0,179.8,,,,
883,,-0.188,6.3,125.7,179.9,,,,
884,,-0.187,6.0,125.5,179.9,,,,
885,,-0.186,5.7,125.3,180.0,,,,
886,,-0.185,5.4,125.0,180.0,,,,
887,,-0.184,5.0,124.8,180.1,,,,
888,,-0.183,4.7,124.5,180.2,,,,
889,,-0.182,4.4,124.2,180.2,,,,
890,,-0.181,4.0,123.9,180.3,,,,
891,,-0.18,3.7,123.7,180.4,,,,
892,,-0.179,3.3,123.4,180.4,,,,
893,,-0.178,3.0,123.0,180.5,,,,
894,,-0.177,2.6,122.7,180.6,,,,
895,,-0.176,2.2,122.4,180.6,,,,
896,,-0.175,1.9,122.0,180.7,,,,
897,,-0.174,1.5,121.7,180.8,,,,
898,,-0.173,1.1,121.3,180.9,,,,
899,,-0.172,0.7,121.0,181.0,,,,
900,,-0.171,0.3,120.6,181.1,,,,
901,,-0.17,-0.1,120.2,181.2,,,,
902,,-0.169,-0.5,119.8,181.2,,,,
903,,-0.168,-0.9,119.3,181.3,,,,
904,,-0.167,-1.3,118.9,181.4,,,,
905,,-0.166,-1.7,118.5,181.5,,,,
906,,-0.165,-2.2,118.0,181.6,,,,
907,,-0.164,-2.6,117.5,181.7,,,,
908,,-0.163,-3.0,117.1,181.8,,,,
909,,-0.162,-3.4,116.6,181.9,,,,
910,,-0.161,-3.9,116.1,182.0,,,,
911,,-0.16,-4.3,115.5,182.1,,,,
912,,-0.159,-4.8,115.0,182.2,,,,
913,,-0.158,-5.2,114.5,182.4,,,,
914,,-0.157,-5.7,113.9,182.5,,,,
915,,-0.156,-6.1,113.3,182.6,,,,
916,,-0.155,-6.6,112.7,182.7,,,,
917,,-0.154,-7.1,112.1,182.8,,,,
918,,-0.153,-7.5,111.5,182.9,,,,
919,,-0.152,-8.0,110.9,183.1,,,,
920,,-0.151,-8.5,110.2,183.2,,,,
921,,-0.15,-9.0,109.5,183.3,,,,
922,,-0.149,-9.4,108.9,183.4,,,,
923,,-0.148,-9.9,108.2,183.6,,,,
924,,-0.147,-10.4,107.4,183.7,,,,
925,,-0.146,-10.9,106.7,183.8,,,,
926,,-0.145,-11.4,106.0,183.9,,,,
927,,-0.144,-11.9,105.2,184.1,,,,
928,,-0.143,-12.4,104.4,184.2,,,,
929,,-0.142,-13.0,103.6,184.3,,,,
930,,-0.141,-13.5,102.8,184.5,,,,
931,,-0.14,-14.0,101.9,184.6,,,,
932,,-0.139,-14.5,101.1,184.7,,,,
933,,-0.138,-15.0,100.2,184.9,,,,
934,,-0.137,-15.6,99.3,185.0,,,,
935,,-0.136,-16.1,98.4,185.1,,,,
936,,-0.135,-16.6,97.4,185.3,,,,
937,,-0.134,-17.1,96.4,185.4,,,,
938,,-0.133,-17.7,95.4,185.5,,,,
939,,-0.132,-18.2,94.4,185.7,,,,
940,,-0.131,-18.7,93.4,185.8,,,,
941,,-0.13,-19.3,92.3,185.9,,,,
942,,-0.129,-19.8,91.3,186.1,,,,
943,,-0.128,-20.3,90.2,186.2,,,,
944,,-0.127,-20.9,89.0,186.3,,,,
945,,-0.126,-21.4,87.9,186.4,,,,
946,,-0.125,-21.9,86.7,186.6,,,,
947,,-0.124,-22.5,85.5,186.7,,,,
948,,-0.123,-23.0,84.2,186.8,,,,
949,,-0.122,-23.5,83.0,186.9,,,,
950,,-0.121,-24.0,81.7,187.0,,,,
951,,-0.12,-24.6,80.4,187.1,,,,
952,,-0.119,-25.1,79.0,187.2,,,,
953,,-0.118,-25.6,77.6,187.3,,,,
954,,-0.117,-26.1,76.2,187.4,,,,
955,,-0.116,-26.6,74.8,187.4,,,,
956,EDA,-0.115,-27.0,73.3,187.5,,,,
957,,-0.114,-27.5,71.8,187.6,,,,
958,,-0.113,-28.0,70.3,187.6,,,,
959,,-0.112,-28.4,68.8,187.6,,,,
960,,-0.111,-28.9,67.2,187.7,,,,
961,,-0.11,-29.3,65.5,187.7,,,,
962,,-0.109,-29.7,63.9,187.7,,,,
963,,-0.108,-30.1,62.2,187.6,,,,
964,,-0.107,-30.5,60.5,187.6,,,,
965,,-0.106,-30.9,58.7,187.6,,,,
966,,-0.105,-31.2,56.9,187.5,,,,
967,,-0.104,-31.5,55.1,187.4,,,,
968,,-0.103,-31.9,53.2,187.3,,,,
969,,-0.102,-32.1,51.3,187.1,,,,
970,,-0.101,-32.4,49.4,187.0,,,,
971,,-0.1,-32.6,47.4,186.8,,,,
972,,-0.099,-32.8,45.4,186.6,,,,
973,,-0.098,-33.0,43.4,186.4,,,,
974,,-0.097,-33.1,41.4,186.1,,,,
975,,-0.096,-33.3,39.3,185.8,,,,
976,,-0.095,-33.3,37.1,185.5,,,,
977,,-0.094,-33.4,35.0,185.1,,,,
978,,-0.093,-33.4,32.8,184.7,,,,
979,,-0.092,-33.4,30.6,184.3,,,,
980,,-0.091,-33.3,28.3,183.8,,,,
981,,-0.09,-33.2,26.1,183.3,,,,
982,,-0.089,-33.1,23.8,182.8,,,,
983,,-0.088,-32.9,21.5,182.2,,,,
984,,-0.087,-32.7,19.1,181.5,,,,
985,,-0.086,-32.4,16.7,180.8,,,,
986,,-0.085,-32.0,14.4,180.1,,,,
987,,-0.084,-31.7,12.0,179.3,,,,
988,ED,-0.083,-31.2,9.5,178.5,,,,
989,,-0.082,-30.7,7.1,177.6,,,,
990,,-0.081,-30.2,4.7,176.7,,,,
991,,-0.08,-29.6,2.2,175.7,,,,
992,,-0.079,-28.9,-0.2,174.7,,,,
993,,-0.078,-28.2,-2.7,173.6,,,,
994,,-0.077,-27.4,-5.1,172.4,,,,
995,,-0.076,-26.6,-7.6,171.2,,,,
996,,-0.075,-25.7,-10.1,169.9,,,,
997,,-0.074,-24.7,-12.5,168.6,,,,
998,,-0.073,-23.7,-14.9,167.2,,,,
999,,-0.072,-22.6,-17.3,165.7,,,,
1000,,-0.071,-21.4,-19.7,164.2,,,,
1001,,-0.07,-20.2,-22.1,162.6,,,,
1002,,-0.069,-18.9,-24.4,161.0,,,,
1003,,-0.068,-17.5,-26.8,159.2,,,,
1004,,-0.067,-16.0,-29.0,157.4,,,,
1005,,-0.066,-14.5,-31.3,155.6,,,,
1006,,-0.065,-12.9,-33.4,153.7,,,,
1007,,-0.064,-11.3,-35.6,151.7,,,,
1008,,-0.063,-9.6,-37.7,149.6,,,,
1009,,-0.062,-7.8,-39.7,147.5,,,,
1010,,-0.061,-5.9,-41.7,145.3,,,,
1011,,-0.06,-4.0,-43.5,143.0,,,,
1012,,-0.059,-2.0,-45.4,140.7,,,,
1013,,-0.058,0.1,-47.1,138.3,,,,
1014,,-0.057,2.2,-48.8,135.8,,,,
1015,,-0.056,4.4,-50.4,133.3,,,,
1016,,-0.055,6.6,-51.8,130.7,,,,
1017,,-0.054,9.0,-53.2,128.1,,,,
1018,,-0.053,11.3,-54.5,125.4,,,,
1019,,-0.052,13.8,-55.7,122.7,,,,
1020,,-0.051,16.3,-56.7,119.9,,,,
1021,,-0.05,18.8,-57.7,117.1,,,,
1022,,-0.049,21.4,-58.5,114.2,,,,
1023,,-0.048,24.1,-59.2,111.2,,,,
1024,,-0.047,26.8,-59.8,108.3,,,,
1025,,-0.046,29.5,-60.2,105.3,,,,
1026,,-0.045,32.3,-60.5,102.2,,,,
1027,,-0.044,35.1,-60.7,99.2,,,,
1028,,-0.043,38.0,-60.7,96.1,,,,
1029,,-0.042,40.8,-60.6,93.0,,,,
1030,,-0.041,43.7,-60.3,89.8,,,,
1031,,-0.04,46.6,-59.9,86.7,,,,
1032,,-0.039,49.6,-59.3,83.5,,,,
1033,MD,-0.038,52.5,-58.6,80.3,,,,
1034,,-0.037,55.5,-57.7,77.2,,,,
1035,,-0.036,58.4,-56.6,74.0,,,,
1036,,-0.035,61.3,-55.4,70.9,,,,
1037,,-0.034,64.3,-54.0,67.7,,,,
1038,,-0.033,67.2,-52.4,64.6,,,,
1039,,-0.032,70.1,-50.7,61.6,,,,
1040,,-0.031,72.9,-48.8,58.5,,,,
1041,,-0.03,75.8,-46.8,55.5,,,,
1042,,-0.029,78.6,-44.6,52.5,,,,
1043,,-0.028,81.4,-42.2,49.6,,,,
1044,,-0.027,84.1,-39.7,46.7,,,,
1045,,-0.026,86.8,-37.0,43.9,,,,
1046,,-0.025,89.4,-34.1,41.2,,,,
1047,,-0.024,92.0,-31.1,38.5,,,,
1048,,-0.023,94.5,-27.9,35.9,,,,
1049,,-0.022,96.9,-24.6,33.3,,,,
1050,,-0.021,99.3,-21.2,30.9,,,,
1051,,-0.02,101.6,-17.6,28.5,,,,
1052,,-0.019,103.8,-13.8,26.3,,,,
1053,,-0.018,105.9,-10.0,24.1,,,,
1054,,-0.017,108.0,-5.9,22.0,,,,
1055,,-0.016,109.9,-1.8,20.1,,,,
1056,,-0.015,111.8,2.4,18.2,,,,
1057,,-0.014,113.5,6.8,16.5,,,,
1058,,-0.013,115.1,11.3,14.8,,,,
1059,,-0.012,116.6,15.8,13.3,,,,
1060,,-0.011,118.0,20.5,11.9,,,,
1061,,-0.01,119.3,25.2,10.7,,,,
1062,,-0.009,120.5,30.0,9.6,,,,
1063,,-0.008,121.5,34.9,8.6,,,,
1064,,-0.007,122.4,39.8,7.7,,,,
1065,,-0.006,123.2,44.8,7.0,,,,
1066,,-0.005,123.8,49.8,6.4,,,,
1067,,-0.004,124.3,54.8,6.0,,,,
1068,,-0.003,124.7,59.8,5.7,,,,
1069,,-0.002,124.9,64.8,5.5,,,,
1070,,-0.001,125.0,69.8,5.5,,,,
1071,BI,0,125.0,74.8,5.6,,,,
1072,,0.001,124.8,79.8,5.8,,,,
1073,,0.002,124.6,84.7,6.1,,,,
1074,,0.003,124.1,89.6,6.6,,,,
1075,,0.004,123.6,94.4,7.3,,,,
1076,,0.005,123.0,99.2,8.0,,,,
1077,,0.006,122.2,103.9,8.9,,,,
1078,,0.007,121.3,108.5,9.8,,,,
1079,,0.008,120.3,113.1,10.9,,,,
1080,,0.009,119.2,117.6,12.2,,,,
1081,,0.01,117.9,122.0,13.5,,,,
1082,,0.011,116.6,126.3,14.9,,,,
1083,,0.012,115.1,130.6,16.5,,,,
1084,,0.013,113.6,134.7,18.1,,,,
1085,,0.014,111.9,138.8,19.9,,,,
1086,,0.015,110.1,142.8,21.7,,,,
1087,,0.016,108.3,146.7,23.7,,,,
1088,,0.017,106.4,150.4,25.7,,,,
1089,,0.018,104.3,154.1,27.8,,,,
1090,,0.019,102.2,157.7,30.1,,,,
1091,,0.02,100.0,161.1,32.4,,,,
1092,,0.021,97.8,164.4,34.7,,,,
1093,,0.022,95.5,167.6,37.2,,,,
1094,,0.023,93.1,170.7,39.7,,,,
1095,,0.024,90.7,173.6,42.3,,,,
1096,,0.025,88.2,176.4,45.0,,,,
1097,,0.026,85.6,179.1,47.8,,,,
1098,,0.027,83.0,181.6,50.6,,,,
1099,,0.028,80.4,184.1,53.4,,,,
1100,,0.029,77.7,186.3,56.3,,,,
1101,,0.03,75.0,188.5,59.3,,,,
1102,,0.031,72.3,190.4,62.3,,,,
1103,,0.032,69.5,192.3,65.3,,,,
1104,,0.033,66.7,194.0,68.4,,,,
1105,,0.034,63.9,195.6,71.5,,,,
1106,,0.035,61.1,197.0,74.7,,,,
1107,,0.036,58.3,198.3,77.8,,,,
1108,,0.037,55.5,199.5,81.0,,,,
1109,,0.038,52.6,200.5,84.2,,,,
1110,,0.039,49.8,201.4,87.4,,,,
1111,,0.04,47.0,202.1,90.6,,,,
1112,,0.041,44.2,202.8,93.8,,,,
1113,,0.042,41.3,203.3,97.0,,,,
1114,,0.043,38.5,203.6,100.2,,,,
1115,MF,0.044,35.7,203.8,103.3,,,,
1116,,0.045,32.9,204.0,106.5,,,,
1117,,0.046,30.2,203.9,109.6,,,,
1118,,0.047,27.4,203.8,112.8,,,,
1119,,0.048,24.7,203.6,115.8,,,,
1120,,0.049,22.0,203.2,118.9,,,,
1121,,0.05,19.3,202.7,122.0,,,,
1122,,0.051,16.7,202.2,125.0,,,,
1123,,0.052,14.1,201.5,128.0,,,,
1124,,0.053,11.6,200.7,130.9,,,,
1125,,0.054,9.0,199.8,133.8,,,,
1126,,0.055,6.6,198.9,136.7,,,,
1127,,0.056,4.1,197.8,139.5,,,,
1128,,0.057,1.8,196.7,142.3,,,,
1129,,0.058,-0.6,195.5,145.1,,,,
1130,,0.059,-2.9,194.2,147.8,,,,
1131,,0.06,-5.1,192.9,150.5,,,,
1132,,0.061,-7.3,191.4,153.1,,,,
1133,,0.062,-9.4,190.0,155.7,,,,
1134,,0.063,-11.5,188.4,158.3,,,,
1135,,0.064,-13.5,186.8,160.8,,,,
1136,,0.065,-15.4,185.1,163.3,,,,
1137,,0.066,-17.3,183.4,165.7,,,,
1138,,0.067,-19.2,181.6,168.1,,,,
1139,,0.068,-21.0,179.8,170.5,,,,
1140,,0.069,-22.7,177.9,172.8,,,,
1141,,0.07,-24.4,176.0,175.0,,,,
1142,,0.071,-26.0,174.0,177.2,,,,
1143,,0.072,-27.6,172.0,179.4,,,,
1144,,0.073,-29.1,169.9,181.5,,,,
1145,,0.074,-30.6,167.8,183.6,,,,
1146,,0.075,-32.0,165.6,185.6,,,,
1147,,0.076,-33.4,163.5,187.6,,,,
1148,,0.077,-34.7,161.2,189.6,,,,
1149,,0.078,-36.0,159.0,191.5,,,,
1150,,0.079,-37.2,156.7,193.3,,,,
1151,,0.08,-38.3,154.4,195.1,,,,
1152,,0.081,-39.5,152.0,196.9,,,,
1153,,0.082,-40.5,149.7,198.6,,,,
1154,,0.083,-41.5,147.3,200.2,,,,
1155,,0.084,-42.5,144.9,201.9,,,,
1156,,0.085,-43.4,142.4,203.4,,,,
1157,,0.086,-44.3,140.0,205.0,,,,
1158,,0.087,-45.1,137.5,206.4,,,,
1159,,0.088,-45.8,135.1,207.9,,,,
1160,,0.089,-46.6,132.6,209.3,,,,
1161,,0.09,-47.2,130.1,210.6,,,,
1162,,0.091,-47.9,127.6,211.9,,,,
1163,,0.092,-48.4,125.1,213.2,,,,
1164,,0.093,-49.0,122.6,214.4,,,,
1165,,0.094,-49.5,120.1,215.6,,,,
1166,,0.095,-49.9,117.6,216.7,,,,
1167,,0.096,-50.3,115.2,217.8,,,,
1168,,0.097,-50.7,112.7,218.9,,,,
1169,,0.098,-51.0,110.2,219.9,,,,
1170,LF,0.099,-51.2,107.8,220.9,,,,
1171,,0.1,-51.5,105.3,221.9,,,,
1172,,0.101,-51.7,102.9,222.8,,,,
1173,,0.102,-51.8,100.4,223.7,,,,
1174,,0.103,-51.9,98.0,224.5,,,,
1175,,0.104,-52.0,95.6,225.4,,,,
1176,,0.105,-52.1,93.2,226.1,,,,
1177,,0.106,-52.1,90.8,226.9,,,,
1178,,0.107,-52.0,88.4,227.6,,,,
1179,,0.108,-52.0,86.1,228.3,,,,
1180,,0.109,-51.9,83.7,229.0,,,,
1181,,0.11,-51.8,81.4,229.6,,,,
1182,,0.111,-51.6,79.1,230.3,,,,
1183,,0.112,-51.4,76.8,230.9,,,,
1184,,0.113,-51.2,74.5,231.4,,,,
1185,,0.114,-51.0,72.2,232.0,,,,
1186,,0.115,-50.7,70.0,232.5,,,,
1187,,0.116,-50.4,67.7,233.0,,,,
1188,,0.117,-50.1,65.5,233.4,,,,
1189,,0.118,-49.7,63.3,233.9,,,,
1190,,0.119,-49.3,61.1,234.3,,,,
1191,,0.12,-48.9,58.9,234.7,,,,
1192,,0.121,-48.5,56.8,235.0,,,,
1193,,0.122,-48.0,54.6,235.4,,,,
1194,,0.123,-47.5,52.5,235.7,,,,
1195,,0.124,-47.0,50.4,236.0,,,,
1196,,0.125,-46.5,48.3,236.3,,,,
1197,,0.126,-45.9,46.2,236.5,,,,
1198,,0.127,-45.3,44.2,236.7,,,,
1199,,0.128,-44.7,42.2,236.9,,,,
1200,,0.129,-44.1,40.1,237.1,,,,
1201,,0.13,-43.4,38.1,237.3,,,,
1202,,0.131,-42.7,36.1,237.4,,,,
1203,,0.132,-42.0,34.2,237.5,,,,
1204,,0.133,-41.3,32.2,237.6,,,,
1205,,0.134,-40.5,30.3,237.6,,,,
1206,,0.135,-39.7,28.4,237.7,,,,
1207,,0.136,-38.9,26.5,237.7,,,,
1208,,0.137,-38.0,24.6,237.6,,,,
1209,,0.138,-37.2,22.7,237.6,,,,
1210,,0.139,-36.3,20.9,237.5,,,,
1211,,0.14,-35.4,19.0,237.4,,,,
1212,,0.141,-34.4,17.2,237.3,,,,
1213,,0.142,-33.5,15.4,237.2,,,,
1214,,0.143,-32.5,13.7,237.0,,,,
1215,,0.144,-31.5,11.9,236.8,,,,
1216,,0.145,-30.5,10.2,236.6,,,,
1217,,0.146,-29.4,8.5,236.4,,,,
1218,,0.147,-28.4,6.9,236.1,,,,
1219,,0.148,-27.4,5.3,235.9,,,,
1220,,0.149,-26.3,3.7,235.6,,,,
1221,,0.15,-25.3,2.2,235.3,,,,
1222,,0.151,-24.3,0.8,235.0,,,,
1223,,0.152,-23.3,-0.6,234.7,,,,
1224,,0.153,-22.4,-1.9,234.4,,,,
1225,,0.154,-21.5,-3.1,234.1,,,,
1226,,0.155,-20.6,-4.2,233.9,,,,
1227,,0.156,-19.9,-5.2,233.6,,,,
1228,,0.157,,,,,,,